Reporting Range=["Monthly"],Select year=["2025"],Select month=["November"],Search Term=["berberine"]
"Search Frequency Rank","Search Term","Top Clicked Brand #1","Top Clicked Brands #2","Top Clicked Brands #3","Top Clicked Category #1","Top Clicked Category #2","Top Clicked Category #3","Top Clicked Product #1: ASIN","Top Clicked Product #1: Product Title","Top Clicked Product #1: Click Share","Top Clicked Product #1: Conversion Share","Top Clicked Product #2: ASIN","Top Clicked Product #2: Product Title","Top Clicked Product #2: Click Share","Top Clicked Product #2: Conversion Share","Top Clicked Product #3: ASIN","Top Clicked Product #3: Product Title","Top Clicked Product #3: Click Share","Top Clicked Product #3: Conversion Share","Reporting Date"
"953","berberine","THORNE","Nature's Bounty","Nutricost","Health & Personal Care","Beauty","Grocery","B009LI7VRC","THORNE - Berberine - Dual Action Formula with Phytosome Plus Botanical Extract - Support Heart Health, Immune System, Healthy GI & Cholesterol* - Gluten-Free - 30 Servings","8.44","7.02","B0CNQC2TWG","Nature’s Bounty Berberine 1000mg Capsules, Supports Heart Health, Cholesterol & Blood Sugar Levels in a Normal Range, Non-GMO Supplement, 60 Count","7.8","5.83","B079GH6V2Z","Nutricost Berberine HCl 1200mg , 60 Vegetarian Capsules - Gluten Free & Non-GMO","4.19","3.98","2025-11-30"
"2722","berberine supplement","Nature's Bounty","THORNE","ForestLeaf","Health & Personal Care","Home","Beauty","B0CNQC2TWG","Nature’s Bounty Berberine 1000mg Capsules, Supports Heart Health, Cholesterol & Blood Sugar Levels in a Normal Range, Non-GMO Supplement, 60 Count","9.11","7.35","B009LI7VRC","THORNE - Berberine - Dual Action Formula with Phytosome Plus Botanical Extract - Support Heart Health, Immune System, Healthy GI & Cholesterol* - Gluten-Free - 30 Servings","7.18","5.59","B0CYR7H7LC","ForestLeaf Berberine Supplement - 1300mg per Serving - Ultra High Potency Berberine HCl with Ceylon Cinnamon, Bitter Melon & Gymnema - Weight Management Support - 90 Caps","5.14","2.59","2025-11-30"
"16178","berberine with ceylon cinnamon","Clean Nutraceuticals","NUTRIFLAIR","Carlyle","Health & Personal Care","Grocery","Pet Products","B0CJFXP7YX","Carlyle Berberine with Ceylon Cinnamon | 2000mg Complex | 60 Capsules | Vegetarian, Non-GMO, Gluten Free","9.81","8.45","B0D75VX5ML","Clean Nutra Berberine with Ceylon Cinnamon Supplement Liquid Drops + Bitter Melon Extract, Glucomannan, Gymnema, Chromium, Turmeric, Organic Panax Ginseng, Moringa GLP-1 Support","9.55","6.28","B08HHQWBBZ","NutriFlair Premium Berberine HCL 1200mg, 120 Capsules - Plus Pure True Ceylon Cinnamon, Berberine HCI Root Supplements Pills - Immune System - yields an Optimal 8% HCl","7.24","6.86","2025-11-30"
"19884","berberine weight loss","ForestLeaf","Aumeto","Purify Life","Health & Personal Care","Prescription_Drugs","Beauty","B0CYR7H7LC","ForestLeaf Berberine Supplement - 1300mg per Serving - Ultra High Potency Berberine HCl with Ceylon Cinnamon, Bitter Melon & Gymnema - Weight Management Support - 90 Caps","10.62","5.67","B0CTKCNRQS","Berberine Supplement - Enhanced with Ceylon Cinnamon, Turmeric, Milk Thistle, Bitter Melon for Digestion, Immunity & Weight Managament (150 Count (Pack of 1))","9.91","8.32","B0FKZCPLR5","GLP1 Support for Weight Loss - Sugar-Free Berberine Complex Gummies w Ceylon Cinnamon, Milk Thistle, ACV [AMPK Metabolic Activator] Berberine Supplement for Appetite Control, Carb Blocker & Fat Burn","9.82","5.52","2025-11-30"
"33772","berberine 500mg","NOW","NATUREBELL","THORNE","Health & Personal Care","Home","Beauty","B0DXM7Q176","NOW Supplements, Berberine HCL 500 mg, Supports Glucose Metabolism, 90 Veg Capsules","11.48","9.5","B0C7FF131K","NatureBell Berberine Supplement 500mg | 300 Veggie Capsules, 97% Pure Berberine HCL – 5:1 Root Extract – Plant Based, Vegan, Non-GMO","9.6","9.56","B009LI7VRC","THORNE - Berberine - Dual Action Formula with Phytosome Plus Botanical Extract - Support Heart Health, Immune System, Healthy GI & Cholesterol* - Gluten-Free - 30 Servings","5.61","4.73","2025-11-30"
"38271","thorne berberine","THORNE","NOW","SOLARAY","Health & Personal Care","Pet Products","Grocery","B009LI7VRC","THORNE - Berberine - Dual Action Formula with Phytosome Plus Botanical Extract - Support Heart Health, Immune System, Healthy GI & Cholesterol* - Gluten-Free - 30 Servings","83.5","82.69","B00F5US2BY","THORNE - Berberine - 200 mg (Formerly Berbercap) - Supports Heart Function, Immune System and Gut Health* - 60 Capsules","5.77","4.67","B0DXM7Q176","NOW Supplements, Berberine HCL 500 mg, Supports Glucose Metabolism, 90 Veg Capsules","0.84","0.7","2025-11-30"
"79948","berberine phytosome","FeelGood Superfoods","Enzymedica","THORNE","Health & Personal Care","Digital_Ebook_Purchase",,"B0DF83J5CL","Feelgood Superfoods Berberine - High Absorption - 2200mg Equivalent - Herbal Supplement - Lower Blood Glucose - Helps Cholesterol - 60 Capsules","28.59","25.86","B0D1YS8N4Z","Enzymedica, Berberine Phytosome, 9.6X Better Bioavailability, High Potency Natural Vegan Dietary Supplement for Metabolic Support, 60 Capsules","12.2","11.21","B009LI7VRC","THORNE - Berberine - Dual Action Formula with Phytosome Plus Botanical Extract - Support Heart Health, Immune System, Healthy GI & Cholesterol* - Gluten-Free - 30 Servings","7.0","5.26","2025-11-30"
"94008","berberine gummies","Purify Life","MEENCCD","BVIVLOO","Health & Personal Care","Pet Products",,"B0FKZCPLR5","GLP1 Support for Weight Loss - Sugar-Free Berberine Complex Gummies w Ceylon Cinnamon, Milk Thistle, ACV [AMPK Metabolic Activator] Berberine Supplement for Appetite Control, Carb Blocker & Fat Burn","21.25","14.93","B0DJ94N1KW","MEENCCD Berberine Gummies with Ceylon Cinnamon 1500mg High Potency Berberine HCL Supplement for Immune Support, Sugar Free, Vegan, Strawberry Flavor, 60 Count","13.09","11.64","B0DSBBBKPR","2000mg Berberine Supplement Gummies – High Potency Wellness Blend with Ceylon Cinnamon, Turmeric, Magnesium & Chromium, Vegan, Non-GMO, Gluten-Free, Peach Flavor, 60 Gummies - 1 Pack","7.86","7.16","2025-11-30"
"95498","berberine patches","Sunrogftic","Kind Patches","Xagnum Bolace","Health & Personal Care","Beauty","Home","B0FMXXBBJH","Sunrogftic GLP-1 Patches, Natural Ingredients with Berberine, Cinnamon & L-Glutamine, Health Support & Physical Management, Transdermal Patch for Daily Wellness - 1 Packs, 30 Patches","31.95","31.36","B0FYRG4789","Kind Patches GLP-1 Patches with L Glutamine, Berberine, Chromium, Pomegranate and Cinnamon - 2 Pack, 60 Patches","11.1","7.39","B0FPF11BNP","Xagnum Bolace GLP-1 Patches with L Glutamine, Berberine, and Cinnamon, Natural Ingredients Patches for Men and Women - 30 C","8.13","6.73","2025-11-30"
"127900","berberine drops","Clean Nutraceuticals","Nutribear","Wild & Organic","Health & Personal Care","Home",,"B0D75VX5ML","Clean Nutra Berberine with Ceylon Cinnamon Supplement Liquid Drops + Bitter Melon Extract, Glucomannan, Gymnema, Chromium, Turmeric, Organic Panax Ginseng, Moringa GLP-1 Support","33.08","25.11","B0FKGRTMZQ","Berberine with Ceylon Cinnamon - Berberine Supplement Liquid Drops with Bitter Melon Extract, Turmeric, Chromium, Gymnema, Moringa, AMPK Activator for Digestion System, Immune Health Support, 2 fl oz","8.25","5.17","B0DHLWWXVR","Wild & Organic Berberine Drops 500mg - Liquid Berberine Supplement HCL for Overall Support - Pure Extract Tincture - Vegan, Alcohol & Sugar-Free - 4 fl oz","7.86","6.5","2025-11-30"
"196102","berberine hcl","Nutricost","NATURE TARGET","NOW","Health & Personal Care","Home",,"B0DD6B85NL","NATURE TARGET Berberine HCl 1200mg, Berberine Supplement with Ceylon Cinnamon, Chromium - Supports Immune, Gastrointestinal & Heart Health, Non-GMO, 120 Capsules","11.68","10.86","B0CZMDPWG5","Nutricost Berberine HCl with Ceylon Cinnamon Capsules (120 Capsules, 60 Servings) - Non-GMO, Animal-Free Product","9.73","10.62","B0DXM7Q176","NOW Supplements, Berberine HCL 500 mg, Supports Glucose Metabolism, 90 Veg Capsules","8.72","8.89","2025-11-30"
"216302","berberine 1500mg","NATUREBELL","PrimeMD","DR.WHITAKER","Health & Personal Care","Home",,"B01DWUEOYC","Berberine Supplement 1,500mg with Ceylon Cinnamon & Turmeric Root, 240 Veggie Capsules | 97% Pure Berberine HCL | Supports Balanced Sugar Levels & Heart Health | Vegan, Non-GMO","11.08","9.07","B0DX7MB223","Super Berberine Supplement with Ceylon Cinnamon, BioPerine, Apple Cider, and Turmeric 1500mg - 8-in-1 Dihydroberberine Supplement for Overall Wellness and Balance Support, 120 ct","8.15","5.41","B0083V8UB4","Dr. Whitaker Clinical Grade Berberine | 1,500mg Per Daily Serving | 30 Day Supply","6.45","3.47","2025-11-30"
"221575","liposomal berberine","CaelumCore","Rho Nutrition","KoNefancy","Health & Personal Care","Beauty",,"B0DBLHXG3Z","CaelumCore Liposomal Berberine HCL - Berberine 1500mg Activates AMPK, High Bioavailability Berberines Supplement for Women and Men, Supports Body Balance","14.28","12.21","B0D9ZTJXRC","Rho Nutrition Liposomal Berberine Capsules - Ultra High Absorption Supplement – Supports Immune Function, Gut Health and Metabolic and Cardiovascular Health (60 Capsules)","9.21","5.45","B0CGZZYT7Q","Berberine HCL Supplement 1500mg - Third Party Tested, High Bioavailability Liposomal Berberine Capsules for Women and Men, AMPK Activator","7.4","6.49","2025-11-30"
"222776","js health berberine","JSHealth","THORNE","NUTRIFLAIR","Health & Personal Care",,,"B0D55BB452","JSHealth Vitamins Berberine+ Formula — Berberine Supplement for Metabolic Health — Vegan, Gluten-Free & Non-GMO. (60 Tablets)","79.21","88.85","B07J9KNS9G","JSHealth Vitamins Detox and Debloat Liver Health Formula | Liver Detox Pills | Debloating Formula with Milk Thistle, Turmeric, Fennel | Liver Cleanse Supplement (60 Tablets)","3.62","1.12","B009LI7VRC","THORNE - Berberine - Dual Action Formula with Phytosome Plus Botanical Extract - Support Heart Health, Immune System, Healthy GI & Cholesterol* - Gluten-Free - 30 Servings","2.62","1.49","2025-11-30"
"225601","now berberine","NOW","Nutricost","THORNE","Health & Personal Care","Audible",,"B07PSMZ3J1","NOW Foods Supplements, Berberine Glucose Support, Combined with MCT Oil for Optimal Berberine Absorption, 90 Softgels","39.24","34.91","B0DXM7Q176","NOW Supplements, Berberine HCL 500 mg, Supports Glucose Metabolism, 90 Veg Capsules","36.52","31.36","B0F9RZK9KD","NOW Supplements, Berberine Glucose Support, Combined with MCT Oil for Optimal Berberine Absorption, 60 Softgels","11.13","8.88","2025-11-30"
"248810","berberine'","Nature's Bounty","THORNE","DOCTOR RECOMMENDED SUPPLEMENTS","Health & Personal Care","Beauty",,"B0CNQC2TWG","Nature’s Bounty Berberine 1000mg Capsules, Supports Heart Health, Cholesterol & Blood Sugar Levels in a Normal Range, Non-GMO Supplement, 60 Count","12.56","10.39","B009LI7VRC","THORNE - Berberine - Dual Action Formula with Phytosome Plus Botanical Extract - Support Heart Health, Immune System, Healthy GI & Cholesterol* - Gluten-Free - 30 Servings","8.07","5.02","B07V2ZLY4N","DOCTOR RECOMMENDED SUPPLEMENTS Berberine Plus 1200mg Per Serving - 120 Veggie Capsules with Royal Jelly","5.38","5.38","2025-11-30"
"250786","berberine powder","BulkSupplements","UpNourish","Dibesity","Health & Personal Care","Grocery","Home","B01CUNY014","BulkSupplements.com Berberine HCl Powder - Berberine 500mg - Herbal Supplement - Fasting Supplement - Berberine Supplement - Digestive Enzymes (50 Grams - 1.8 oz)","23.12","19.05","B0FS2QNV3P","UpNourish Liposomal Berberine Supplement - Advanced Berberine HCl 1000mg Plus Ceylon Cinnamon, Chromium Picolinate, Curcuminoids, Resveratrol, Green Tea and Yerba Mate - 90 Vegan Capsules","6.78","2.6","B0FGWMX6R6","97% Pure Berberine Powder | 100g Plant-Based Extract, Highly Potent | 500 mg Per Serving | Gluten-Free, Vegan, Lab-Tested","5.95","5.19","2025-11-30"
"283078","thorne berberine 500mg","THORNE","NOW","Double Wood Supplements","Health & Personal Care",,,"B009LI7VRC","THORNE - Berberine - Dual Action Formula with Phytosome Plus Botanical Extract - Support Heart Health, Immune System, Healthy GI & Cholesterol* - Gluten-Free - 30 Servings","79.42","78.16","B00F5US2BY","THORNE - Berberine - 200 mg (Formerly Berbercap) - Supports Heart Function, Immune System and Gut Health* - 60 Capsules","3.64","2.98","B01ADU1OYW","Berberine Supplement 500mg, 60 Capsules (Third Party Tested, Non-GMO, Gluten Free, Vegan Safe) AMPK Activator - Berberine HCL for Cardiovascular Health by Double Wood","3.22","0.74","2025-11-30"
"313566","organic berberine","DECENT NATURE","VEGATOT","Wild & Organic","Health & Personal Care",,,"B0D5MYQ6PP","Organic Berberine with Ceylon Cinnamon 2175mg - Premium berberine supplement high purity extract USDA Organic, support immune system, Berberine Plus Complex, Non-GMO Vegan for Men Women 90 Capsules","16.74","14.55","B0C16JBYZ2","VEGATOT GlucoSavior Berberine Supplement with Ceylon Cinnamon, Bitter Melon, Gymnema - Supports Immune, Heart Health & Gastrointestinal Function - Made in The USA (150 Count (Pack of 1))","8.98","4.85","B0DWYGWVTG","Berberine Supplement 1200mg – Organic Berberine Weight Loss, Metabolic & Heart Health Support – High Absorbency Pure Berberine HCl Formula – 60 Capsules","5.14","1.12","2025-11-30"
"330369","hum berberine supplement","HUM","THORNE","NUTRIFLAIR","Health & Personal Care",,,"B0CJTL53NK","HUM Best of Berberine Supplement 1200mg, Pure Potency for Metabolic Wellness, Gut Health, Pure Berberine Supplements Enhanced with BioPerine for Maximum Absorption, 60 Capsules","66.54","71.21","B0FRN8Y4KB","HUM Best of Berberine Supplement Flatter Me Fiber Supplement","18.11","10.1","B009LI7VRC","THORNE - Berberine - Dual Action Formula with Phytosome Plus Botanical Extract - Support Heart Health, Immune System, Healthy GI & Cholesterol* - Gluten-Free - 30 Servings","2.36","0.51","2025-11-30"
"339747","berberine supplement weight loss","PristineRoot","Aumeto","Carlyle","Health & Personal Care","Prescription_Drugs",,"B0DWYGWVTG","Berberine Supplement 1200mg – Organic Berberine Weight Loss, Metabolic & Heart Health Support – High Absorbency Pure Berberine HCl Formula – 60 Capsules","10.31","7.34","B0CTKCNRQS","Berberine Supplement - Enhanced with Ceylon Cinnamon, Turmeric, Milk Thistle, Bitter Melon for Digestion, Immunity & Weight Managament (150 Count (Pack of 1))","9.71","7.34","B0CJFXP7YX","Carlyle Berberine with Ceylon Cinnamon | 2000mg Complex | 60 Capsules | Vegetarian, Non-GMO, Gluten Free","6.77","3.67","2025-11-30"
"340780","berberine thorne","THORNE","Pure Encapsulations","Double Wood Supplements","Health & Personal Care","Grocery","Pet Products","B009LI7VRC","THORNE - Berberine - Dual Action Formula with Phytosome Plus Botanical Extract - Support Heart Health, Immune System, Healthy GI & Cholesterol* - Gluten-Free - 30 Servings","74.85","76.82","B00F5US2BY","THORNE - Berberine - 200 mg (Formerly Berbercap) - Supports Heart Function, Immune System and Gut Health* - 60 Capsules","11.87","7.61","B0CD8PV49D","Pure Encapsulations Berberine UltraSorb - Enhanced Absorption Berberine Phytosome 550 mg - Supports Metabolic & Cardiometabolic Health* - 60 Capsules","1.32","0.69","2025-11-30"
"345565","burnt berberine","Wild & Organic","Bunkka","Clean Nutraceuticals","Health & Personal Care",,,"B0DHLWWXVR","Wild & Organic Berberine Drops 500mg - Liquid Berberine Supplement HCL for Overall Support - Pure Extract Tincture - Vegan, Alcohol & Sugar-Free - 4 fl oz","16.75","13.99","B0CRCYJCLL","Bunkka (2 Pack) Berberine Supplement, Berberine Liquid Drops with Ceylon Cinnamon, Bitter Melon, Sugar-Free & Vegan Supplement Supports Immune System & Gastrointestinal Care - 4 FL Oz","12.13","12.44","B0DZWVHR4C","Berberine Drops, High Absorption 6-in-1 Liquid Berberine Supplement with Ceylon Cinnamon Milk Thistle Turmeric, Premium Berberine HCl for Immune Function Metabolic & Digestive Support, 30 Servings","6.47","5.18","2025-11-30"
"357928","clean nutra berberine with ceylon cinnamon supplement","Clean Nutraceuticals","Liberty Lifestyle","Nutribear","Health & Personal Care",,,"B0D75VX5ML","Clean Nutra Berberine with Ceylon Cinnamon Supplement Liquid Drops + Bitter Melon Extract, Glucomannan, Gymnema, Chromium, Turmeric, Organic Panax Ginseng, Moringa GLP-1 Support","68.94","68.17","B0FBKVLYG1","Clean Nutra Berberine and Ceylon Cinnamon Supplement Bitter Melon Glucomannan Gymnema Sylvestre Chromium Moringa Milk Thistle Turmeric Apple Cider Vinegar Digestive Enzymes Inositol Pills 90 Capsules","5.53","3.81","B0F5M5KRV2","Berberine with Ceylon Cinnamon Supplement Liquid Drops + Bitter Melon Extract, Glucomannan, Gymnema, Chromium, Turmeric, Panax Ginseng, Moringa- 4 OZ","4.68","3.81","2025-11-30"
"360383","double wood berberine","Double Wood Supplements","THORNE","Toniiq","Health & Personal Care",,,"B01ADU1OYW","Berberine Supplement 500mg, 60 Capsules (Third Party Tested, Non-GMO, Gluten Free, Vegan Safe) AMPK Activator - Berberine HCL for Cardiovascular Health by Double Wood","69.27","66.18","B0FPDQ38HG","Berberine with Ceylon Cinnamon (500mg and 2 Gram Equivalent Doses) 120 Capsules for Metabolism and Metabolic Health, Third Party Tested, Vegan Safe, Non-GMO, Gluten Free by Double Wood","17.34","13.45","B0CNS2PBHX","Dihydroberberine Supplement 100mg, 60 Capsules (Patented GlucoVantage Super Berberine, May be 5X More Effective Than Berberine with Less Side Effects) Third Party Tested, Vegan Safe by Double Wood","4.28","2.55","2025-11-30"
"371007","pure berberine","Pure Encapsulations","THORNE","Nature's Bounty","Health & Personal Care",,,"B0CD8PV49D","Pure Encapsulations Berberine UltraSorb - Enhanced Absorption Berberine Phytosome 550 mg - Supports Metabolic & Cardiometabolic Health* - 60 Capsules","52.42","63.1","B0CNQC2TWG","Nature’s Bounty Berberine 1000mg Capsules, Supports Heart Health, Cholesterol & Blood Sugar Levels in a Normal Range, Non-GMO Supplement, 60 Count","3.63","1.98","B009LI7VRC","THORNE - Berberine - Dual Action Formula with Phytosome Plus Botanical Extract - Support Heart Health, Immune System, Healthy GI & Cholesterol* - Gluten-Free - 30 Servings","3.52","1.98","2025-11-30"
"372634","berberine 1000mg","Nature's Bounty","Natural Factors","NATURE TARGET","Health & Personal Care","Pet Products",,"B0CNQC2TWG","Nature’s Bounty Berberine 1000mg Capsules, Supports Heart Health, Cholesterol & Blood Sugar Levels in a Normal Range, Non-GMO Supplement, 60 Count","23.78","27.61","B07F9565LN","Natural Factors WellBetX Berberine - Daily Supplement Supports Metabolic Health - Formula Supports Healthy Heart - Gluten-Free & Vegan - 120 Vegetarian Capsules (120 Servings)","8.19","5.21","B0DD6B85NL","NATURE TARGET Berberine HCl 1200mg, Berberine Supplement with Ceylon Cinnamon, Chromium - Supports Immune, Gastrointestinal & Heart Health, Non-GMO, 120 Capsules","7.19","6.75","2025-11-30"
"388598","berberine patches weight loss","Wanerbsr","Xagnum Bolace","Vytadose","Health & Personal Care","Beauty","Home","B0FMNWBBRS","GLP-1 Patches with L-Glutamine, Berberine, Natural Support, Expert Formulated for Men and Women, 30 Count","19.47","15.38","B0FPF11BNP","Xagnum Bolace GLP-1 Patches with L Glutamine, Berberine, and Cinnamon, Natural Ingredients Patches for Men and Women - 30 C","10.02","7.69","B0FRNJXN7L","Vytadose Extra Strength GLP1 Patches – 10x Stronger Formula with Berberine, Green Tea & Pomegranate – New & Improved Kind of Patch -These are Kind Patches for Your Skin+GLP-1 Patch for Hunger Support","9.56","4.2","2025-11-30"
"401855","feel good berberine phytosome","FeelGood Superfoods",,"Enzymedica","Health & Personal Care",,,"B0DF83J5CL","Feelgood Superfoods Berberine - High Absorption - 2200mg Equivalent - Herbal Supplement - Lower Blood Glucose - Helps Cholesterol - 60 Capsules","67.98","69.19","B0DGBS5H4M","Feel Good Superfoods Berberine Phytosome, 120 Vegan Capsules","12.38","9.88","B0G1L6JQ4L","Feel Good Superfoods Berberine Phytosome, 120 Vegan Capsules + Vssl Store Sticker.","6.07","2.91","2025-11-30"
"431822","berberine now","NOW","Nutricost","Nature's Bounty","Health & Personal Care",,,"B07PSMZ3J1","NOW Foods Supplements, Berberine Glucose Support, Combined with MCT Oil for Optimal Berberine Absorption, 90 Softgels","41.76","33.16","B0DXM7Q176","NOW Supplements, Berberine HCL 500 mg, Supports Glucose Metabolism, 90 Veg Capsules","31.8","34.69","B0F9RZK9KD","NOW Supplements, Berberine Glucose Support, Combined with MCT Oil for Optimal Berberine Absorption, 60 Softgels","13.15","10.2","2025-11-30"
"444055","bettervits berberine","Bettervits","Nature's Bounty","THORNE","Health & Personal Care",,,"B0FKBMXMRR","Bettervits Berberine Complex","62.86","54.86","B0CNQC2TWG","Nature’s Bounty Berberine 1000mg Capsules, Supports Heart Health, Cholesterol & Blood Sugar Levels in a Normal Range, Non-GMO Supplement, 60 Count","4.72","2.08","B009LI7VRC","THORNE - Berberine - Dual Action Formula with Phytosome Plus Botanical Extract - Support Heart Health, Immune System, Healthy GI & Cholesterol* - Gluten-Free - 30 Servings","4.59","3.47","2025-11-30"
"492370","solaray berberine","SOLARAY","NOW","Natural Factors","Health & Personal Care",,,"B087YD4LSH","SOLARAY Berberine 500mg - Berberine Supplement for a Healthy, Active Lifestyle - with Berberine HCl from Indian Barberry - Vegan, Non-GMO, 60-Day Guarantee, Lab Verified - 100 Servings, 100 VegCaps","55.15","38.38","B0CD2XQGFH","SOLARAY Berberine Phytosome - 9X Absorption and Easy-to-Digest - Standardized to 30% Berberine HCl - Vegan, Made Without Soy - 60-Day Guarantee - 30 Servings, 30 VegCaps","21.77","19.46","B07BVZL4GB","SOLARAY Berberine 500mg - Berberine Supplement for a Healthy, Active Lifestyle - with Berberine HCl from Indian Barberry - Vegan, Non-GMO, 60-Day Guarantee, Lab Verified - 60 Servings, 60 VegCaps","9.29","7.57","2025-11-30"
"494607","luma nutrition berberine","Luma Nutrition","NUTRIFLAIR","Nutricost","Health & Personal Care",,,"B08DHC29R6","Luma Nutrition Berberine Supplement - Berberine HCL 1200mg Per Serving - Vegan, Gluten Free, Non-GMO - 60 Capsules","70.12","79.81","B0CTN3H8HD","Luma Nutrition Citrus Bergamot 1000mg - Citrus Bergamot Supplement - Made in The USA - Veteran Owned - 60 Capsules","5.25","2.4","B08HHQWBBZ","NutriFlair Premium Berberine HCL 1200mg, 120 Capsules - Plus Pure True Ceylon Cinnamon, Berberine HCI Root Supplements Pills - Immune System - yields an Optimal 8% HCl","4.81","3.85","2025-11-30"
"499040","thorne berberine dual action","THORNE","ForestLeaf","SOLARAY","Health & Personal Care","Grocery",,"B009LI7VRC","THORNE - Berberine - Dual Action Formula with Phytosome Plus Botanical Extract - Support Heart Health, Immune System, Healthy GI & Cholesterol* - Gluten-Free - 30 Servings","77.21","70.68","B00F5US2BY","THORNE - Berberine - 200 mg (Formerly Berbercap) - Supports Heart Function, Immune System and Gut Health* - 60 Capsules","3.38","1.57","B087YD4LSH","SOLARAY Berberine 500mg - Berberine Supplement for a Healthy, Active Lifestyle - with Berberine HCl from Indian Barberry - Vegan, Non-GMO, 60-Day Guarantee, Lab Verified - 100 Servings, 100 VegCaps","2.65","0.52","2025-11-30"
"499838","berberine 500 mg","NATUREBELL","NOW","Puritan's Pride","Health & Personal Care",,,"B0C7FF131K","NatureBell Berberine Supplement 500mg | 300 Veggie Capsules, 97% Pure Berberine HCL – 5:1 Root Extract – Plant Based, Vegan, Non-GMO","20.18","17.89","B0DXM7Q176","NOW Supplements, Berberine HCL 500 mg, Supports Glucose Metabolism, 90 Veg Capsules","10.01","9.76","B07W3P7STQ","Puritan's Pride Berberine 500 mg, Dietary Supplement Support for Heart Health, Weight Loss, Support Blood Sugar and Cholesterol, 1 Month Supply, 60 Capsules","8.84","7.32","2025-11-30"
"501306","kind patches berberine","Kind Patches","ASDF Cutra",,"Health & Personal Care","Lawn and Garden","Beauty","B0FK194S3Q","GLP-1 Patches by Kind Patches for Women and Men - 4 Pack, 120 Count","19.35","11.7","B0FYRG4789","Kind Patches GLP-1 Patches with L Glutamine, Berberine, Chromium, Pomegranate and Cinnamon - 2 Pack, 60 Patches","14.33","18.09","B0FNJVG9WQ","ASDF Cutra. GLP-1 Patches for Women and Men, with Berberine, L-Glutamine, and Cinnamon, Natural Ingredients Patche - 1 Packs, 30 Patches","9.31","10.64","2025-11-30"
"516907","berberine capsules","Luma Nutrition","Nature's Bounty","Carlyle","Health & Personal Care","Grocery","Books","B08DHC29R6","Luma Nutrition Berberine Supplement - Berberine HCL 1200mg Per Serving - Vegan, Gluten Free, Non-GMO - 60 Capsules","10.96","16.11","B0CNQC2TWG","Nature’s Bounty Berberine 1000mg Capsules, Supports Heart Health, Cholesterol & Blood Sugar Levels in a Normal Range, Non-GMO Supplement, 60 Count","8.52","5.56","B0CJFXP7YX","Carlyle Berberine with Ceylon Cinnamon | 2000mg Complex | 60 Capsules | Vegetarian, Non-GMO, Gluten Free","5.48","1.67","2025-11-30"
"526707","berberine complex","Integrative Therapeutics","VEGATOT","Clean Nutraceuticals","Health & Personal Care",,,"B003FIMNJK","Integrative Therapeutics Berberine Complex - Digestive & Gut Health Supplement* - Vegan, Gluten-Free & Dairy-Free - 90 Capsules (45 Servings)","39.22","42.07","B0C16JBYZ2","VEGATOT GlucoSavior Berberine Supplement with Ceylon Cinnamon, Bitter Melon, Gymnema - Supports Immune, Heart Health & Gastrointestinal Function - Made in The USA (150 Count (Pack of 1))","6.05","6.1","B0FK6Q52X2","JUST INGREDIENTS Berberine Supplement – 30-Capsule Herbal Support Formula with Organic Berberis Aristata – Traditionally Used for Metabolic Health, Cellular Function & Overall Wellness.","2.79","3.66","2025-11-30"
"550331","ultra berberine","FORCE FACTOR","Ultra6 Nutrition","ForestLeaf","Health & Personal Care","Beauty",,"B0CQ3V2PZW","FORCE FACTOR Ultra Berberine, Berberine Supplement with 500mg Berberine HCl Plus Chromium & Cinnamon Bark Extract to Support Metabolism & Daily Wellness, Non-GMO, Gluten Free, 60 Vegetable Capsules","51.62","55.28","B0FMCT4SM2","Force Factor Ultra Berberine Enhanced Absorption, with GlucoVantage Dihydroberberine & Chromium, 5X Better Absorption, Lasts 2X Longer, Gentle on The Stomach, Chocolate, 60 Soft Chews","16.18","9.32","B0F98CLT2T","Ultra Berberine Supplement Capsules 600mg (1200mg to 1800mg Daily) – Pure Berberine HCL Supplement to Support Metabolism & Daily Vitality – Vegan, Gluten-Free Diet Supplements (90 Capsules)","10.52","9.94","2025-11-30"
"552166","berberine supplement 500mg","NATUREBELL","Double Wood Supplements","NOW","Health & Personal Care",,,"B0C7FF131K","NatureBell Berberine Supplement 500mg | 300 Veggie Capsules, 97% Pure Berberine HCL – 5:1 Root Extract – Plant Based, Vegan, Non-GMO","22.24","22.34","B01ADU1OYW","Berberine Supplement 500mg, 60 Capsules (Third Party Tested, Non-GMO, Gluten Free, Vegan Safe) AMPK Activator - Berberine HCL for Cardiovascular Health by Double Wood","10.71","7.61","B07W3P7STQ","Puritan's Pride Berberine 500 mg, Dietary Supplement Support for Heart Health, Weight Loss, Support Blood Sugar and Cholesterol, 1 Month Supply, 60 Capsules","9.9","8.63","2025-11-30"
"590016","berberine plus","DOCTOR RECOMMENDED SUPPLEMENTS","Best Naturals","SUPPNATURE","Health & Personal Care",,,"B07V2ZLY4N","DOCTOR RECOMMENDED SUPPLEMENTS Berberine Plus 1200mg Per Serving - 120 Veggie Capsules with Royal Jelly","41.94","44.7","B0D2Z7XN2H","Best Naturals Berberine Plus 1000mg per Serving, (Non-GMO) 60 Capsules - Contains Berberine HCL 1000mg, Vitamin C 120mg & Zinc Gluconate 30 mg","9.36","9.09","B08S1K2MQ9","DOCTOR RECOMMENDED SUPPLEMENTS Berberine with Ceylon Cinnamon - 1200mg Berberine & 100mg Organic Ceylon Cinnamon - 120 Veggie Capsules, Healthy Immune System & Gastrointestinal Wellness","7.28","4.55","2025-11-30"
"600573","swanson berberine","Swanson","Natural Factors","SOLARAY","Health & Personal Care",,,"B0B4BFS39N","Swanson Berberine Advanced Enhanced Absorption - Featuring Berbevis 550 mg 30 Veg Caps","28.4","13.75","B0C822TQ1H","Swanson Berberine Advanced Enhanced Absorption - Featuring Berbevis 550 mg 30 Veg Caps (2 Pack)","23.1","11.25","B006MRK8LG","Swanson Berberine - Supports Metabolic Health & Heart Health* - Contains Standardized Berberine HCl - Non-GMO & Gluten-Free - 60 Vegan Capsules","16.93","16.25","2025-11-30"
"603894","berberine tea","WACHINAS","Behestora",,"Grocery","Health & Personal Care",,"B0FS1FPKZ8","GLP-1 Berberine Tea - Glucose Functional Tea with Ceylon Cinnamon, Milk Thistle, Bitter Melon，Hibiscus Flowers - Vitality & Wellness - Vegan, Caffeine-Free - Organic Plant-Based Tea Bag Pyramids - 30 ct","23.94","20.0","B0F3DB5BM2","Behestora Berberine Tea is a caffeine-free - Herbal Detox Tea crafted with a blend berberine - cinnamon - turmeric - ginger - red rooibos - 15 Bags","12.77","5.0","B0DLY4N9XJ","Berberine Tea 45g Natural Organic Caffeine-Free Blend Non-GMO Herbal in Plastic-Free Stand Alone Pouch Delicious Antioxidant for Immune Support","11.7","6.67","2025-11-30"
"612752","nutricost berberine","Nutricost","Double Wood Supplements","NOW","Health & Personal Care",,,"B079GH6V2Z","Nutricost Berberine HCl 1200mg , 60 Vegetarian Capsules - Gluten Free & Non-GMO","66.37","61.29","B0CZMDPWG5","Nutricost Berberine HCl with Ceylon Cinnamon Capsules (120 Capsules, 60 Servings) - Non-GMO, Animal-Free Product","16.91","14.19","B0D4RMJ8NB","Nutricost Dihydroberberine Capsules (200mg, 60 Capsules) - More Bioavailable Metabolite of Berberine","6.12","8.39","2025-11-30"
"616100","hum berberine","HUM","THORNE","Luma Nutrition","Health & Personal Care",,,"B0CJTL53NK","HUM Best of Berberine Supplement 1200mg, Pure Potency for Metabolic Wellness, Gut Health, Pure Berberine Supplements Enhanced with BioPerine for Maximum Absorption, 60 Capsules","73.06","76.87","B0FRN8Y4KB","HUM Best of Berberine Supplement Flatter Me Fiber Supplement","14.47","3.73","B009LI7VRC","THORNE - Berberine - Dual Action Formula with Phytosome Plus Botanical Extract - Support Heart Health, Immune System, Healthy GI & Cholesterol* - Gluten-Free - 30 Servings","2.71","2.99","2025-11-30"
"618371","organic berberine supplement","DECENT NATURE","VEGATOT","Manewu","Health & Personal Care",,,"B0D5MYQ6PP","Organic Berberine with Ceylon Cinnamon 2175mg - Premium berberine supplement high purity extract USDA Organic, support immune system, Berberine Plus Complex, Non-GMO Vegan for Men Women 90 Capsules","17.97","14.29","B0C16JBYZ2","VEGATOT GlucoSavior Berberine Supplement with Ceylon Cinnamon, Bitter Melon, Gymnema - Supports Immune, Heart Health & Gastrointestinal Function - Made in The USA (150 Count (Pack of 1))","10.89","10.53","B0DD6WWXTB","Manewu Organic Berberine Supplement - 180 Count Berberine with Ceylon Cinnamon & Citrus Bergamot,Cinnamon Supplements,Berberine 1500mg Complex, 3-Month Supply","6.17","6.02","2025-11-30"
"628836","pure encapsulations berberine","Pure Encapsulations","THORNE","NOW","Health & Personal Care",,,"B0CD8PV49D","Pure Encapsulations Berberine UltraSorb - Enhanced Absorption Berberine Phytosome 550 mg - Supports Metabolic & Cardiometabolic Health* - 60 Capsules","84.87","78.72","B0CQ69DLX5","Pure Encapsulations CholestePure Plus 120's - Supports Lipid Metabolism & Heart Health* - Berberine Supplement - with Citrus Bergamot - Gluten Free & Non-GMO - 120 Capsules","2.03","1.42","B08FRNZGQX","Pure Encapsulations Metabolic Xtra | Supplement to Support Carbohydrate Metabolism, and Homeostasis* | 90 Capsules","1.85","1.42","2025-11-30"
"632313","berberine hcl 500mg","NOW","Double Wood Supplements","NATUREBELL","Health & Personal Care",,,"B0DXM7Q176","NOW Supplements, Berberine HCL 500 mg, Supports Glucose Metabolism, 90 Veg Capsules","22.08","20.48","B01ADU1OYW","Berberine Supplement 500mg, 60 Capsules (Third Party Tested, Non-GMO, Gluten Free, Vegan Safe) AMPK Activator - Berberine HCL for Cardiovascular Health by Double Wood","9.65","7.23","B0C7FF131K","NatureBell Berberine Supplement 500mg | 300 Veggie Capsules, 97% Pure Berberine HCL – 5:1 Root Extract – Plant Based, Vegan, Non-GMO","9.28","12.05","2025-11-30"
"634749","feel good berberine","FeelGood Superfoods",,"DOCTOR RECOMMENDED SUPPLEMENTS","Health & Personal Care",,,"B0DF83J5CL","Feelgood Superfoods Berberine - High Absorption - 2200mg Equivalent - Herbal Supplement - Lower Blood Glucose - Helps Cholesterol - 60 Capsules","69.46","69.03","B0DGBS5H4M","Feel Good Superfoods Berberine Phytosome, 120 Vegan Capsules","14.34","11.5","B0G1L6JQ4L","Feel Good Superfoods Berberine Phytosome, 120 Vegan Capsules + Vssl Store Sticker.","2.98","0.88","2025-11-30"
"654420","berberine liquid","Clean Nutraceuticals","Wild & Organic","Bunkka","Health & Personal Care","Pet Products",,"B0D75VX5ML","Clean Nutra Berberine with Ceylon Cinnamon Supplement Liquid Drops + Bitter Melon Extract, Glucomannan, Gymnema, Chromium, Turmeric, Organic Panax Ginseng, Moringa GLP-1 Support","30.52","30.71","B0CRCYJCLL","Bunkka (2 Pack) Berberine Supplement, Berberine Liquid Drops with Ceylon Cinnamon, Bitter Melon, Sugar-Free & Vegan Supplement Supports Immune System & Gastrointestinal Care - 4 FL Oz","9.4","7.87","B0DHM6L4FB","Wild & Organic Berberine Liquid Drops - 500mg Berberine Supplement HCL for Overall Support - Natural Extract Tincture - Vegan, Alcohol & Sugar-Free - 2 fl oz","9.4","5.51","2025-11-30"
"655740","integrative therapeutics berberine","Integrative Therapeutics","NOW","Sports Research","Health & Personal Care",,,"B01152Y426","Integrative Therapeutics Berberine - Supplement for Cellular Energy Metabolism & Metabolic Support* - Dairy-Free & Gluten-Free - 60 Capsules (60 Servings)","72.12","66.07","B003FIMNJK","Integrative Therapeutics Berberine Complex - Digestive & Gut Health Supplement* - Vegan, Gluten-Free & Dairy-Free - 90 Capsules (45 Servings)","17.12","13.1","B0BN6WQMMC","Integrative Therapeutics Berberine - Supplement for Cellular Energy Metabolism & Metabolic Support* - Dairy-Free & Gluten-Free - 120 Capsules (120 Servings)","4.62","5.95","2025-11-30"
"688138","berberine phytosome supplement","FeelGood Superfoods","Enzymedica","SOLARAY","Health & Personal Care","Pet Products",,"B0DF83J5CL","Feelgood Superfoods Berberine - High Absorption - 2200mg Equivalent - Herbal Supplement - Lower Blood Glucose - Helps Cholesterol - 60 Capsules","22.58","20.37","B0D1YS8N4Z","Enzymedica, Berberine Phytosome, 9.6X Better Bioavailability, High Potency Natural Vegan Dietary Supplement for Metabolic Support, 60 Capsules","18.95","22.22","B009LI7VRC","THORNE - Berberine - Dual Action Formula with Phytosome Plus Botanical Extract - Support Heart Health, Immune System, Healthy GI & Cholesterol* - Gluten-Free - 30 Servings","6.05","2.78","2025-11-30"
"699763","toniiq berberine","Toniiq","Double Wood Supplements","THORNE","Health & Personal Care",,,"B07X4B7QFM","Toniiq Ultra High Strength Berberine HCl from The Himalayas - 100:1 Concentrated Extract - Lab-Tested 97% Berberine HCl - 90 Vegetarian Capsules, 500 mg per Capsule","62.5","64.71","B0BX48S53M","Toniiq Ultra High Strength Berberine HCl from The Himalayas - 100:1 Concentrated Extract - Lab-Tested 97% Berberine HCl - 180 Vegetarian Capsules, 1500 mg per Serving","26.02","18.49","B0D8LYYW3W","Dihydroberberine Supplement - Ultra High Potency 1,000mg Formula with GlucoVantage, 10:1 Ceylon Cinnamon & 50:1 Milk Thistle - Third-Party Lab Tested","1.84","2.52","2025-11-30"
"701225","berberine liquid drops","Clean Nutraceuticals","Bunkka","LimerenxLush","Health & Personal Care",,,"B0D75VX5ML","Clean Nutra Berberine with Ceylon Cinnamon Supplement Liquid Drops + Bitter Melon Extract, Glucomannan, Gymnema, Chromium, Turmeric, Organic Panax Ginseng, Moringa GLP-1 Support","25.67","16.0","B0CRCYJCLL","Bunkka (2 Pack) Berberine Supplement, Berberine Liquid Drops with Ceylon Cinnamon, Bitter Melon, Sugar-Free & Vegan Supplement Supports Immune System & Gastrointestinal Care - 4 FL Oz","10.68","8.0","B0FFMH5NDS","Liposomal Berberine Supplement - 3000mg Berberine Complex Activating AMPK & GLP-1, Berberine HCL Liquid Drop with Ceylon Cinnamon, Green Tea, Bitter Melon, Turmeric and Prebiotic Blend for Women & Men","7.8","25.33","2025-11-30"
"702735","berberine supplements","Manewu","Nature's Bounty","Aumeto","Health & Personal Care",,,"B0DD6WWXTB","Manewu Organic Berberine Supplement - 180 Count Berberine with Ceylon Cinnamon & Citrus Bergamot,Cinnamon Supplements,Berberine 1500mg Complex, 3-Month Supply","15.23","43.45","B0CNQC2TWG","Nature’s Bounty Berberine 1000mg Capsules, Supports Heart Health, Cholesterol & Blood Sugar Levels in a Normal Range, Non-GMO Supplement, 60 Count","7.0","4.83","B0CTKCNRQS","Berberine Supplement - Enhanced with Ceylon Cinnamon, Turmeric, Milk Thistle, Bitter Melon for Digestion, Immunity & Weight Managament (150 Count (Pack of 1))","5.97","0.69","2025-11-30"
"727045","now berberine glucose support","NOW","VEGATOT","NEOGLI","Health & Personal Care",,,"B07PSMZ3J1","NOW Foods Supplements, Berberine Glucose Support, Combined with MCT Oil for Optimal Berberine Absorption, 90 Softgels","45.32","34.65","B0F9RZK9KD","NOW Supplements, Berberine Glucose Support, Combined with MCT Oil for Optimal Berberine Absorption, 60 Softgels","22.77","20.47","B0DXM7Q176","NOW Supplements, Berberine HCL 500 mg, Supports Glucose Metabolism, 90 Veg Capsules","22.55","18.9","2025-11-30"
"744568","best berberine for weight loss","PristineRoot","Purify Life","NUTRIFLAIR","Health & Personal Care",,,"B0DWYGWVTG","Berberine Supplement 1200mg – Organic Berberine Weight Loss, Metabolic & Heart Health Support – High Absorbency Pure Berberine HCl Formula – 60 Capsules","9.59","2.22","B0FKZCPLR5","GLP1 Support for Weight Loss - Sugar-Free Berberine Complex Gummies w Ceylon Cinnamon, Milk Thistle, ACV [AMPK Metabolic Activator] Berberine Supplement for Appetite Control, Carb Blocker & Fat Burn","8.71","4.44","B08HHQWBBZ","NutriFlair Premium Berberine HCL 1200mg, 120 Capsules - Plus Pure True Ceylon Cinnamon, Berberine HCI Root Supplements Pills - Immune System - yields an Optimal 8% HCl","7.84","5.56","2025-11-30"
"764861","berberine glucose support","NOW","BMVINVOL","Nutricost","Health & Personal Care",,,"B07PSMZ3J1","NOW Foods Supplements, Berberine Glucose Support, Combined with MCT Oil for Optimal Berberine Absorption, 90 Softgels","36.47","28.87","B0F9RZK9KD","NOW Supplements, Berberine Glucose Support, Combined with MCT Oil for Optimal Berberine Absorption, 60 Softgels","27.74","34.51","B0DXM7Q176","NOW Supplements, Berberine HCL 500 mg, Supports Glucose Metabolism, 90 Veg Capsules","5.59","5.63","2025-11-30"
"778939","berberine organic","DECENT NATURE","Wild & Organic","Manewu","Health & Personal Care","Pet Products",,"B0D5MYQ6PP","Organic Berberine with Ceylon Cinnamon 2175mg - Premium berberine supplement high purity extract USDA Organic, support immune system, Berberine Plus Complex, Non-GMO Vegan for Men Women 90 Capsules","11.16","9.0","B0DD6WWXTB","Manewu Organic Berberine Supplement - 180 Count Berberine with Ceylon Cinnamon & Citrus Bergamot,Cinnamon Supplements,Berberine 1500mg Complex, 3-Month Supply","8.66","3.0","B0D5ZZY22H","Global Healing Center - Organic Berberine (Berberina) with Ceylon Cinnamon & Black Pepper, 1200 mg- Extra Strength Berberine Supplement & Complex for Weight Loss (60 Capsules)","4.1","6.0","2025-11-30"
"784354","berberine patch","Sunrogftic","Kind Patches","Xagnum Bolace","Health & Personal Care","Beauty","Home","B0FMXXBBJH","Sunrogftic GLP-1 Patches, Natural Ingredients with Berberine, Cinnamon & L-Glutamine, Health Support & Physical Management, Transdermal Patch for Daily Wellness - 1 Packs, 30 Patches","25.0","28.3","B0FYRG4789","Kind Patches GLP-1 Patches with L Glutamine, Berberine, Chromium, Pomegranate and Cinnamon - 2 Pack, 60 Patches","13.07","16.98","B0FPF11BNP","Xagnum Bolace GLP-1 Patches with L Glutamine, Berberine, and Cinnamon, Natural Ingredients Patches for Men and Women - 30 C","11.01","15.09","2025-11-30"
"797474","berberine 1200mg","Luma Nutrition","Nutricost","NATURE TARGET","Health & Personal Care","Pet Products",,"B08DHC29R6","Luma Nutrition Berberine Supplement - Berberine HCL 1200mg Per Serving - Vegan, Gluten Free, Non-GMO - 60 Capsules","18.41","21.38","B0DD6B85NL","NATURE TARGET Berberine HCl 1200mg, Berberine Supplement with Ceylon Cinnamon, Chromium - Supports Immune, Gastrointestinal & Heart Health, Non-GMO, 120 Capsules","12.59","13.21","B079GH6V2Z","Nutricost Berberine HCl 1200mg , 60 Vegetarian Capsules - Gluten Free & Non-GMO","9.09","6.92","2025-11-30"
"799361","liquid berberine","Clean Nutraceuticals","Wild & Organic","Zypherionixis","Health & Personal Care",,,"B0D75VX5ML","Clean Nutra Berberine with Ceylon Cinnamon Supplement Liquid Drops + Bitter Melon Extract, Glucomannan, Gymnema, Chromium, Turmeric, Organic Panax Ginseng, Moringa GLP-1 Support","34.81","23.08","B0DHM6L4FB","Wild & Organic Berberine Liquid Drops - 500mg Berberine Supplement HCL for Overall Support - Natural Extract Tincture - Vegan, Alcohol & Sugar-Free - 2 fl oz","7.71","4.4","B0FFMYYD63","Zypherionixis Liposomal Berberine HCL Supplement Liquid 3000mg - High Absorption Berberine Drops with Ceylon Cinnamon - 12-in-1 Formula AMPK Activator, Sugar Free - 2 fl oz","6.07","4.4","2025-11-30"
"820718","jshealth berberine","JSHealth","NUTRIFLAIR","THORNE","Health & Personal Care",,,"B0D55BB452","JSHealth Vitamins Berberine+ Formula — Berberine Supplement for Metabolic Health — Vegan, Gluten-Free & Non-GMO. (60 Tablets)","91.61","90.14","B08HHQWBBZ","NutriFlair Premium Berberine HCL 1200mg, 120 Capsules - Plus Pure True Ceylon Cinnamon, Berberine HCI Root Supplements Pills - Immune System - yields an Optimal 8% HCl","2.16","0.0","B07J9KNS9G","JSHealth Vitamins Detox and Debloat Liver Health Formula | Liver Detox Pills | Debloating Formula with Milk Thistle, Turmeric, Fennel | Liver Cleanse Supplement (60 Tablets)","1.68","0.0","2025-11-30"
"847386","berberine +","NUTRIFLAIR","DOCTOR RECOMMENDED SUPPLEMENTS","Toniiq","Health & Personal Care",,,"B07V2ZLY4N","DOCTOR RECOMMENDED SUPPLEMENTS Berberine Plus 1200mg Per Serving - 120 Veggie Capsules with Royal Jelly","10.15","6.87","B08HHQWBBZ","NutriFlair Premium Berberine HCL 1200mg, 120 Capsules - Plus Pure True Ceylon Cinnamon, Berberine HCI Root Supplements Pills - Immune System - yields an Optimal 8% HCl","8.66","8.4","B0D55BB452","JSHealth Vitamins Berberine+ Formula — Berberine Supplement for Metabolic Health — Vegan, Gluten-Free & Non-GMO. (60 Tablets)","4.21","3.05","2025-11-30"
"858179","kind berberine patches","Kind Patches","Wanerbsr","Arkture","Health & Personal Care","Lawn and Garden","Beauty","B0FK194S3Q","GLP-1 Patches by Kind Patches for Women and Men - 4 Pack, 120 Count","23.81","8.57","B0FYRG4789","Kind Patches GLP-1 Patches with L Glutamine, Berberine, Chromium, Pomegranate and Cinnamon - 2 Pack, 60 Patches","20.8","27.14","B0FZCKTBNV","Kind Patches GLP-1 Patches with L Glutamine, Berberine, Chromium, Pomegranate and Cinnamon - 4 Pack, 120 Patches","8.52","7.14","2025-11-30"
"866959","ultra berberine force factor","FORCE FACTOR","Aumeto","ULTRA HERBS","Health & Personal Care",,,"B0CQ3V2PZW","FORCE FACTOR Ultra Berberine, Berberine Supplement with 500mg Berberine HCl Plus Chromium & Cinnamon Bark Extract to Support Metabolism & Daily Wellness, Non-GMO, Gluten Free, 60 Vegetable Capsules","64.56","64.23","B0FMCT4SM2","Force Factor Ultra Berberine Enhanced Absorption, with GlucoVantage Dihydroberberine & Chromium, 5X Better Absorption, Lasts 2X Longer, Gentle on The Stomach, Chocolate, 60 Soft Chews","18.23","6.5","B0DNKMF384","FORCE FACTOR Ultra Berberine Enhanced Absorption, with Ceylon Cinnamon, Dihydroberberine & Chromium, 5X Absorption, 2X Longer Lasting, Promote Lean Body Mass, 60 Vegetable Capsules","5.06","5.69","2025-11-30"
"903658","force factor berberine","FORCE FACTOR","DECENT NATURE","NATURE TARGET","Health & Personal Care",,,"B0CQ3V2PZW","FORCE FACTOR Ultra Berberine, Berberine Supplement with 500mg Berberine HCl Plus Chromium & Cinnamon Bark Extract to Support Metabolism & Daily Wellness, Non-GMO, Gluten Free, 60 Vegetable Capsules","58.84","60.2","B0FMCT4SM2","Force Factor Ultra Berberine Enhanced Absorption, with GlucoVantage Dihydroberberine & Chromium, 5X Better Absorption, Lasts 2X Longer, Gentle on The Stomach, Chocolate, 60 Soft Chews","12.66","11.22","B0D9BW4NRW","FORCE FACTOR Berberine 500mg Supplement, Cardiovascular Support Supplement, Supports Heart Health, Premium Quality, Vegan, No Gelatin, Non-GMO, 60 Vegetable Capsules","7.39","6.12","2025-11-30"
"908481","hum best of berberine","HUM","NUTRIFLAIR","NATURE TARGET","Health & Personal Care",,,"B0CJTL53NK","HUM Best of Berberine Supplement 1200mg, Pure Potency for Metabolic Wellness, Gut Health, Pure Berberine Supplements Enhanced with BioPerine for Maximum Absorption, 60 Capsules","72.41","69.44","B0FRN8Y4KB","HUM Best of Berberine Supplement Flatter Me Fiber Supplement","14.85","11.11","B08HHQWBBZ","NutriFlair Premium Berberine HCL 1200mg, 120 Capsules - Plus Pure True Ceylon Cinnamon, Berberine HCI Root Supplements Pills - Immune System - yields an Optimal 8% HCl","2.12","1.39","2025-11-30"
"928150","berberine synergy","Designs for Health","Integrative Therapeutics","ForestLeaf","Health & Personal Care","Home",,"B00U7UHB5U","Designs for Health Berberine Synergy - Berberine HCL 400mg + Alpha Lipoic Acid (ALA) for Metabolism, Heart Health + Liver Support - Vegan, Non-GMO Berberine Supplement (60 Capsules)","86.72","87.68","B01152Y426","Integrative Therapeutics Berberine - Supplement for Cellular Energy Metabolism & Metabolic Support* - Dairy-Free & Gluten-Free - 60 Capsules (60 Servings)","1.63","1.45","B0CYR7H7LC","ForestLeaf Berberine Supplement - 1300mg per Serving - Ultra High Potency Berberine HCl with Ceylon Cinnamon, Bitter Melon & Gymnema - Weight Management Support - 90 Caps","1.08","0.0","2025-11-30"
"951583","pure berberine supplement","Pure Encapsulations","Ultra6 Nutrition","DOCTOR RECOMMENDED SUPPLEMENTS","Health & Personal Care",,,"B0CD8PV49D","Pure Encapsulations Berberine UltraSorb - Enhanced Absorption Berberine Phytosome 550 mg - Supports Metabolic & Cardiometabolic Health* - 60 Capsules","37.78","44.58","B0F98CLT2T","Ultra Berberine Supplement Capsules 600mg (1200mg to 1800mg Daily) – Pure Berberine HCL Supplement to Support Metabolism & Daily Vitality – Vegan, Gluten-Free Diet Supplements (90 Capsules)","7.78","4.82","B07V2ZLY4N","DOCTOR RECOMMENDED SUPPLEMENTS Berberine Plus 1200mg Per Serving - 120 Veggie Capsules with Royal Jelly","4.72","1.2","2025-11-30"
"970593","bionature inc berberine chromium picolinate","Igennus Healthcare Nutrition","MICROINGREDIENTS","Dr. Mercola","Health & Personal Care",,,"B0DYVPK45R","Igennus Dual Action Berberine Phytosome 550mg & Chromium Picolinate, 10x Absorption, Blood Glucose Control, Standardized Berberis Extract Supplement, Clean Label, Vegan, 60 Capsules","25.78","40.0","B0DW192P2Z","Berberine with Ceylon Cinnamon, Chromium, & Turmeric | 3,000mg Equivalent | 240 Veggie Capsules | High Potency Berberine HCl Root + Cinnamon Bark Extract | Heart Health & Immune Support Supplement*","7.65","3.33","B09WXR8KRJ","Dr. Mercola Biothin Berberine with Chromium - Supports Healthy Metabolic Function - Enhanced Absorption - Non-GMO, Gluten-Free & Soy-Free - 30 Capsules (30 Servings)","7.37","0.0","2025-11-30"
"973377","ancient bliss berberine","Ancient Bliss","NUTRIFLAIR","Purify Life","Health & Personal Care",,,"B09Q6M6W9F","Ancient Bliss Berberine HCL 1200mg with Ceylon Cinnamon, Bitter Melon, and Green Tea Extract - 120 Capsules","88.64","94.29","B08HHQWBBZ","NutriFlair Premium Berberine HCL 1200mg, 120 Capsules - Plus Pure True Ceylon Cinnamon, Berberine HCI Root Supplements Pills - Immune System - yields an Optimal 8% HCl","1.7","0.0","B09Q7F9J3N","Ancient Bliss Quercetin with Bromelain | Quercetin 1000mg Bromelain 200mg per Serving | Supports Immune System, Joint Health, Respiratory Health & Overall Well-Being – 120 Capsules","1.14","0.0","2025-11-30"
"978938","nutriflair berberine","NUTRIFLAIR","Nutrivein","Carlyle","Health & Personal Care",,,"B08HHQWBBZ","NutriFlair Premium Berberine HCL 1200mg, 120 Capsules - Plus Pure True Ceylon Cinnamon, Berberine HCI Root Supplements Pills - Immune System - yields an Optimal 8% HCl","39.71","25.74","B07WHQLDM6","NutriFlair Berberine with Ceylon Cinnamon 1450mg Supplement – 120 Capsules | High Potency Formula with Berberine HCl & Organic Ceylon Cinnamon | Non-GMO, Vegan, Gluten-Free","33.14","32.67","B0CNPKTBNH","NutriFlair Premium Berberine HCL 1200mg, 60 Capsules - Plus Pure True Ceylon Cinnamon, Supplements Pills, Immune System Support","8.0","4.95","2025-11-30"
"1029636","berberine ceylon cinnamon","Clean Nutraceuticals","Carlyle","NUTRIFLAIR","Health & Personal Care",,,"B0CJFXP7YX","Carlyle Berberine with Ceylon Cinnamon | 2000mg Complex | 60 Capsules | Vegetarian, Non-GMO, Gluten Free","14.71","12.24","B0D75VX5ML","Clean Nutra Berberine with Ceylon Cinnamon Supplement Liquid Drops + Bitter Melon Extract, Glucomannan, Gymnema, Chromium, Turmeric, Organic Panax Ginseng, Moringa GLP-1 Support","14.71","10.2","B0DJC3YYX9","aSquared Nutrition Berberine with Ceylon Cinnamon Supplement - 1400mg Max Strength Complex - 120 Capsules - 1200mg HCl Powder Extract Plus Pills - Alternative to Gummies & Drops","5.71","5.1","2025-11-30"
"1042160","micro ingredients berberine","MICROINGREDIENTS","DEAL SUPPLEMENT","JUST INGREDIENTS","Health & Personal Care","Grocery",,"B0DW192P2Z","Berberine with Ceylon Cinnamon, Chromium, & Turmeric | 3,000mg Equivalent | 240 Veggie Capsules | High Potency Berberine HCl Root + Cinnamon Bark Extract | Heart Health & Immune Support Supplement*","60.49","57.14","B0FJ3X2KQC","Micro Ingredients Berberine 1000mg with MCT Oil, 240 Softgels | Highly Bioavailable Formula with Berberine HCL from Berberis Aristata | Non-GMO, Gluten Free, No Soy","27.36","28.57","B0DVMN2XB5","Resveratrol NAD Supplements for Women & Men 3,000mg, 240 Veggie Capsules | NMNH Supplement Alternative | 11-in-1 Antioxidant Blend of Quercetin, Moringa, & More | Immune, Heart, & Brain Support*","2.43","1.43","2025-11-30"
"1091995","solaray berberine 500mg","SOLARAY","Natural Factors","Clean Nutraceuticals","Health & Personal Care",,,"B087YD4LSH","SOLARAY Berberine 500mg - Berberine Supplement for a Healthy, Active Lifestyle - with Berberine HCl from Indian Barberry - Vegan, Non-GMO, 60-Day Guarantee, Lab Verified - 100 Servings, 100 VegCaps","73.57","60.87","B07BVZL4GB","SOLARAY Berberine 500mg - Berberine Supplement for a Healthy, Active Lifestyle - with Berberine HCl from Indian Barberry - Vegan, Non-GMO, 60-Day Guarantee, Lab Verified - 60 Servings, 60 VegCaps","8.92","7.83","B0CD2XQGFH","SOLARAY Berberine Phytosome - 9X Absorption and Easy-to-Digest - Standardized to 30% Berberine HCl - Vegan, Made Without Soy - 60-Day Guarantee - 30 Servings, 30 VegCaps","8.6","5.22","2025-11-30"
"1106045","burnt berberine powder","BulkSupplements","Dibesity","Wild & Organic","Health & Personal Care","Grocery",,"B01CUNY014","BulkSupplements.com Berberine HCl Powder - Berberine 500mg - Herbal Supplement - Fasting Supplement - Berberine Supplement - Digestive Enzymes (50 Grams - 1.8 oz)","18.06","17.11","B0FGWMX6R6","97% Pure Berberine Powder | 100g Plant-Based Extract, Highly Potent | 500 mg Per Serving | Gluten-Free, Vegan, Lab-Tested","15.48","11.84","B0DHLWWXVR","Wild & Organic Berberine Drops 500mg - Liquid Berberine Supplement HCL for Overall Support - Pure Extract Tincture - Vegan, Alcohol & Sugar-Free - 4 fl oz","9.03","15.79","2025-11-30"
"1124081","berberine feel good","FeelGood Superfoods",,"Nature's Bounty","Health & Personal Care","Home",,"B0DF83J5CL","Feelgood Superfoods Berberine - High Absorption - 2200mg Equivalent - Herbal Supplement - Lower Blood Glucose - Helps Cholesterol - 60 Capsules","69.51","66.1","B0DGBS5H4M","Feel Good Superfoods Berberine Phytosome, 120 Vegan Capsules","15.74","5.08","B0G1L6JQ4L","Feel Good Superfoods Berberine Phytosome, 120 Vegan Capsules + Vssl Store Sticker.","4.26","1.69","2025-11-30"
"1124081","berberine glp-1","TERRA ELMNT","Tary Nally","DLNIA","Health & Personal Care",,,"B0D9NLGV6W","141,500mg GLP-1 Berberine Weight Loss Supplement + Dihydroberberine, Ceylon Cinnamon, Chromium Picolinate, Bitter Melon - 100x Strength Berberine 1500mg Natural Appetite Suppressant Pills for Women","11.15","10.34","B0FXV3HG4Y","Liposomal GLP-1 Supplement Weight Loss - 600mg Berberine with Ceylon Cinnamon - Enhanced Absorption Formula for Healthy Glucose Metabolism & Metabolic Support - 180 Capsules (90 Days Supply)","9.18","3.45","B0F4DQCLBQ","DLNIA Liposomal Berberine Supplement – 3X Strength Berberine Matrix with DHB, Phospholipids, CoQ10, ALA, Vitamin D3, Chromium, Cinnamon – Advanced GLP-1 & Metabolic Support – 60 Count","7.21","0.0","2025-11-30"
"1124081","enzymedica berberine","Enzymedica","NOW","SOLARAY","Health & Personal Care",,,"B0CY3JKB9Y","Enzymedica Berberine 800 mg – Vegan Capsules for Metabolic Support – from Sustainably Sourced Barberry – Non-GMO, Gluten-Free, No Fillers or Excipients – 60 Capsules","48.52","22.97","B0D1YS8N4Z","Enzymedica, Berberine Phytosome, 9.6X Better Bioavailability, High Potency Natural Vegan Dietary Supplement for Metabolic Support, 60 Capsules","30.49","31.08","B0FHQNFZMV","Enzymedica, Berberine Supplement, HCl, 510mg, Berberine, for Overall Health and Wellness, Vegan, No Artificial fillers, 60 Count","6.56","8.11","2025-11-30"
"1146724","berberine pure encapsulations","Pure Encapsulations","THORNE","Integrative Therapeutics","Health & Personal Care",,,"B0CD8PV49D","Pure Encapsulations Berberine UltraSorb - Enhanced Absorption Berberine Phytosome 550 mg - Supports Metabolic & Cardiometabolic Health* - 60 Capsules","81.61","78.65","B009LI7VRC","THORNE - Berberine - Dual Action Formula with Phytosome Plus Botanical Extract - Support Heart Health, Immune System, Healthy GI & Cholesterol* - Gluten-Free - 30 Servings","5.69","3.37","B01152Y426","Integrative Therapeutics Berberine - Supplement for Cellular Energy Metabolism & Metabolic Support* - Dairy-Free & Gluten-Free - 60 Capsules (60 Servings)","1.67","1.12","2025-11-30"
"1146724","cavora ceylon cinnamon berberine liquid drops","Clean Nutraceuticals","Kunnozz","NEW AGE","Health & Personal Care",,,"B0D75VX5ML","Clean Nutra Berberine with Ceylon Cinnamon Supplement Liquid Drops + Bitter Melon Extract, Glucomannan, Gymnema, Chromium, Turmeric, Organic Panax Ginseng, Moringa GLP-1 Support","49.16","43.66","B0FP4ZJVL1","Cavora Ceylon Cinnamon Berberine Liquid Drops – Bitter Melon, Turmeric, Chromium, Gymnema & Organic Panax Ginseng – Vegan, Non-GMO, 2 fl oz (60 mL)","15.05","7.04","B0D7537K4Z","Clean Nutra Cayenne Pepper Drops Supplement Liquid + Hawthorn Berry, Vitamin D3 K2 Beet Root Powder, Ceylon Cinnamon, Turmeric Curcumin, Organic Panax Ginseng, Berberine Extract 1 Pack","8.7","1.41","2025-11-30"
"1146724","sports research berberine","Sports Research","THORNE","Toniiq","Health & Personal Care",,,"B0CCJYRSQ1","Sports Research Berberine - Herbal Ayurvedic Metabolic Health Support - 500mg - 120 Capsules - Vegan Certified, Gluten-Free, Non-GMO","74.92","68.29","B0CLFJ9BNM","Sports Research Berberine Supplement with Coconut Oil - Herbal & Ayurvedic Metabolic Health Support - Berberine 500mg, 90 Softgels - Gluten-Free, Non-GMO Berberine Powder","11.04","6.1","B0CCK314G2","Sports Research Berberine - Herbal Ayurvedic Metabolic Health Support - 500 mg - 60 Capsules - Vegan Certified, Gluten-Free, Non-GMO","8.36","3.66","2025-11-30"
"1158404","biotech labs berberine","GentX","Meo Nutrition","THORNE","Health & Personal Care",,,"B0G2QLKBR4","GentX BIOTECH Labs Berberine Complex ，Berberine 1000mg Capsules, Supports Metabolism, Boost Energy, Balance Mind and Body, with Bitter Melon & Banaba Leaf Extracts (60 Capsules)","18.24","13.73","B0DCTL1BV2","Meo Nutrition Berberine Supplement 1200mg HCI - 60 Capsules, 3rd Party Lab Tested, Non-GMO, GMP Certified - Supports Metabolic Health & Overall Wellness","13.51","11.76","B009LI7VRC","THORNE - Berberine - Dual Action Formula with Phytosome Plus Botanical Extract - Support Heart Health, Immune System, Healthy GI & Cholesterol* - Gluten-Free - 30 Servings","5.41","1.96","2025-11-30"
"1162399","berberine liposomal","CaelumCore","Rho Nutrition","Zypherionixis","Health & Personal Care","Pet Products",,"B0DBLHXG3Z","CaelumCore Liposomal Berberine HCL - Berberine 1500mg Activates AMPK, High Bioavailability Berberines Supplement for Women and Men, Supports Body Balance","14.58","7.81","B0D9ZTJXRC","Rho Nutrition Liposomal Berberine Capsules - Ultra High Absorption Supplement – Supports Immune Function, Gut Health and Metabolic and Cardiovascular Health (60 Capsules)","9.83","9.38","B0F4DQCLBQ","DLNIA Liposomal Berberine Supplement – 3X Strength Berberine Matrix with DHB, Phospholipids, CoQ10, ALA, Vitamin D3, Chromium, Cinnamon – Advanced GLP-1 & Metabolic Support – 60 Count","6.44","3.13","2025-11-30"
"1162399","integrative berberine","Integrative Therapeutics","NOW","BIOTICS RESEARCH","Health & Personal Care",,,"B01152Y426","Integrative Therapeutics Berberine - Supplement for Cellular Energy Metabolism & Metabolic Support* - Dairy-Free & Gluten-Free - 60 Capsules (60 Servings)","75.59","73.86","B003FIMNJK","Integrative Therapeutics Berberine Complex - Digestive & Gut Health Supplement* - Vegan, Gluten-Free & Dairy-Free - 90 Capsules (45 Servings)","8.81","6.82","B0BN6WQMMC","Integrative Therapeutics Berberine - Supplement for Cellular Energy Metabolism & Metabolic Support* - Dairy-Free & Gluten-Free - 120 Capsules (120 Servings)","3.73","6.82","2025-11-30"
"1166442","berberine nutricost","Nutricost","THORNE","NOW","Health & Personal Care",,,"B079GH6V2Z","Nutricost Berberine HCl 1200mg , 60 Vegetarian Capsules - Gluten Free & Non-GMO","67.01","68.13","B0CZMDPWG5","Nutricost Berberine HCl with Ceylon Cinnamon Capsules (120 Capsules, 60 Servings) - Non-GMO, Animal-Free Product","11.22","12.09","B0D4RMJ8NB","Nutricost Dihydroberberine Capsules (200mg, 60 Capsules) - More Bioavailable Metabolite of Berberine","5.44","3.3","2025-11-30"
"1199053","golden berberine","Divinity Nutra","Clean Nutraceuticals","Nutribear","Health & Personal Care","Beauty",,"B0CTHDC9S7","Divinity Nutra 4-in-1 Golden Berberine Supplement with Ceylon Cinnamon Bitter Melon Ginkgo, Boosts Immunity, Gut & Heart Health,60 Capsules for Metabolism Support，Made in USA","73.78","56.57","B0F1FQBXNW","Divinity Nutra Golden Berberine Supplement with Bitter Melon, Ginkgo Biloba and Ceylon Cinnamon, Vegan, Made in USA Berberine Capsules for Women and Men 2 Bottles, 60 Capsules Each","6.29","5.05","B0DYP6326P","Berberine Supplement with Bitter Melon, Ginkgo Biloba and Ceylon Cinnamon 60 Capsules, Vegan, Made in USA Berberine Capsules for Women and Men","2.8","2.02","2025-11-30"
"1203253","mineral moon berberine","Mineral Moon","THORNE","Aumeto","Health & Personal Care",,,"B0F46WH22L","Mineral Moon Berberine Supplement Body Composition, 60 Capsules - with Cissus Quadrangularis & Berberine Phytosome - Supports Overall Wellness","84.56","81.4","B009LI7VRC","THORNE - Berberine - Dual Action Formula with Phytosome Plus Botanical Extract - Support Heart Health, Immune System, Healthy GI & Cholesterol* - Gluten-Free - 30 Servings","2.46","0.0","B0CTKCNRQS","Berberine Supplement - Enhanced with Ceylon Cinnamon, Turmeric, Milk Thistle, Bitter Melon for Digestion, Immunity & Weight Managament (150 Count (Pack of 1))","2.11","2.33","2025-11-30"
"1211778","forest leaf berberine","ForestLeaf","NATURE TARGET","NUTRIFLAIR","Health & Personal Care",,,"B0CYR7H7LC","ForestLeaf Berberine Supplement - 1300mg per Serving - Ultra High Potency Berberine HCl with Ceylon Cinnamon, Bitter Melon & Gymnema - Weight Management Support - 90 Caps","46.29","64.58","B0FGK5VD9C","ForestLeaf Advanced Dual Berberine HCl Berberine Supplement 1300mg - 97% Tested Ultra High Potency Berberine with Ceylon Cinnamon, Bitter Melon & Gymnema (90 Count (Pack of 5))","16.96","0.0","B0CV85CGLN","ForestLeaf Advanced Dual Berberine HCl Berberine Supplement 1300mg - 97% Tested Ultra High Potency Berberine with Ceylon Cinnamon, Bitter Melon & Gymnema (90 Count (Pack of 3))","12.37","2.08","2025-11-30"
"1211778","meo nutrition berberine supplement","Meo Nutrition","DOCTOR RECOMMENDED SUPPLEMENTS","THORNE","Health & Personal Care",,,"B0DCTL1BV2","Meo Nutrition Berberine Supplement 1200mg HCI - 60 Capsules, 3rd Party Lab Tested, Non-GMO, GMP Certified - Supports Metabolic Health & Overall Wellness","60.42","64.71","B07V2ZLY4N","DOCTOR RECOMMENDED SUPPLEMENTS Berberine Plus 1200mg Per Serving - 120 Veggie Capsules with Royal Jelly","7.42","8.82","B0DQLK5NC5","Meo Nutrition Alpha Lipoic Acid 650mg – 60 Capsules | Non-GMO, Gluten-Free, GMP Certified | Supports Antioxidant Health & Metabolic Wellness | Made in USA","7.42","4.41","2025-11-30"
"1220317","toniq berberine","Toniiq","THORNE","DLNIA","Health & Personal Care",,,"B07X4B7QFM","Toniiq Ultra High Strength Berberine HCl from The Himalayas - 100:1 Concentrated Extract - Lab-Tested 97% Berberine HCl - 90 Vegetarian Capsules, 500 mg per Capsule","67.26","65.71","B0BX48S53M","Toniiq Ultra High Strength Berberine HCl from The Himalayas - 100:1 Concentrated Extract - Lab-Tested 97% Berberine HCl - 180 Vegetarian Capsules, 1500 mg per Serving","24.2","24.29","B0D8LYYW3W","Dihydroberberine Supplement - Ultra High Potency 1,000mg Formula with GlucoVantage, 10:1 Ceylon Cinnamon & 50:1 Milk Thistle - Third-Party Lab Tested","2.14","0.0","2025-11-30"
"1229140","thorne berberine 1000mg","THORNE","Pure Encapsulations","Nature's Bounty","Health & Personal Care",,,"B009LI7VRC","THORNE - Berberine - Dual Action Formula with Phytosome Plus Botanical Extract - Support Heart Health, Immune System, Healthy GI & Cholesterol* - Gluten-Free - 30 Servings","82.08","83.51","B00F5US2BY","THORNE - Berberine - 200 mg (Formerly Berbercap) - Supports Heart Function, Immune System and Gut Health* - 60 Capsules","3.94","2.06","B0CD8PV49D","Pure Encapsulations Berberine UltraSorb - Enhanced Absorption Berberine Phytosome 550 mg - Supports Metabolic & Cardiometabolic Health* - 60 Capsules","2.15","1.03","2025-11-30"
"1246836","nutral plus berberine","Clean Nutraceuticals","Nutribear","Liberty Lifestyle","Health & Personal Care",,,"B0D75VX5ML","Clean Nutra Berberine with Ceylon Cinnamon Supplement Liquid Drops + Bitter Melon Extract, Glucomannan, Gymnema, Chromium, Turmeric, Organic Panax Ginseng, Moringa GLP-1 Support","64.36","56.72","B0FKGRTMZQ","Berberine with Ceylon Cinnamon - Berberine Supplement Liquid Drops with Bitter Melon Extract, Turmeric, Chromium, Gymnema, Moringa, AMPK Activator for Digestion System, Immune Health Support, 2 fl oz","13.45","11.94","B0F5M5KRV2","Berberine with Ceylon Cinnamon Supplement Liquid Drops + Bitter Melon Extract, Glucomannan, Gymnema, Chromium, Turmeric, Panax Ginseng, Moringa- 4 OZ","5.45","1.49","2025-11-30"
"1279396","berberine 600 mg supplement","Nutricost","NOW","Ultra6 Nutrition","Health & Personal Care","Beauty","Home","B079GF23T1","Nutricost Berberine HCl 600mg, 60 Capsules (2 Bottles) - Gluten Free, Veggie Caps, Non-GMO","35.07","0.0","B079GH6V2Z","Nutricost Berberine HCl 1200mg , 60 Vegetarian Capsules - Gluten Free & Non-GMO","11.94","7.69","B0CZMDPWG5","Nutricost Berberine HCl with Ceylon Cinnamon Capsules (120 Capsules, 60 Servings) - Non-GMO, Animal-Free Product","8.58","0.0","2025-11-30"
"1284309","nature made berberine","Nature Made","Nature's Bounty","THORNE","Health & Personal Care",,,"B0D8VMPX1N","Nature Made Better Absorption Berberine Phytosome Capsules, 1100mg Per 2 Capsules Daily, Berberine Supplement for Cardiovascular Health Support, 60 Capsules, 30 Day Supply","71.91","53.57","B0CNQC2TWG","Nature’s Bounty Berberine 1000mg Capsules, Supports Heart Health, Cholesterol & Blood Sugar Levels in a Normal Range, Non-GMO Supplement, 60 Count","9.36","10.71","B009LI7VRC","THORNE - Berberine - Dual Action Formula with Phytosome Plus Botanical Extract - Support Heart Health, Immune System, Healthy GI & Cholesterol* - Gluten-Free - 30 Servings","2.62","1.79","2025-11-30"
"1289248","super berberine","Peak Performance","Humann","SugarMD","Health & Personal Care",,,"B095JCB9B9","Dihydroberberine Super Berberine Supplement - GlucoVantage® 200mg Now 5X More Effective Than Regular Berberine HCL Powder Capsules. Metabolism Support Keto Friendly Plus Vegan Extract Pills","28.2","32.89","B0CNF2ZXVF","Humann SuperBerine Berberine Supplements, Healthy Metabolism & Blood Sugar Support - Clinically Researched Ingredient - High Absorbency, Concentrated Dose Formula with Olive Leaf Extract - 30 Capsules","20.3","14.47","B09ST7X7Z1","SugarMD Super Berberine Supplement – 250mg GlucoVantage Dihydroberberine with Ceylon Cinnamon - 5X More Absorbable Than Regular Berberine – 30 Capsules (30 Day Supply)","18.8","18.42","2025-11-30"
"1294120","berberine powder organic","BulkSupplements","Dibesity","Organic Herbs","Health & Personal Care","Grocery",,"B01CUNY014","BulkSupplements.com Berberine HCl Powder - Berberine 500mg - Herbal Supplement - Fasting Supplement - Berberine Supplement - Digestive Enzymes (50 Grams - 1.8 oz)","20.75","26.0","B0FGWMX6R6","97% Pure Berberine Powder | 100g Plant-Based Extract, Highly Potent | 500 mg Per Serving | Gluten-Free, Vegan, Lab-Tested","10.94","4.0","B0BLRN4B5V","Organic Herbs Immunity Booster Ayurvedic Berberine (Extract Powder 200gm/7 Oz)","4.91","0.0","2025-11-30"
"1303995","berberine 1000mg capsules","Nature's Bounty","amazing nutrition","Best Naturals","Health & Personal Care",,,"B0CNQC2TWG","Nature’s Bounty Berberine 1000mg Capsules, Supports Heart Health, Cholesterol & Blood Sugar Levels in a Normal Range, Non-GMO Supplement, 60 Count","24.33","20.65","B0D2Z7XN2H","Best Naturals Berberine Plus 1000mg per Serving, (Non-GMO) 60 Capsules - Contains Berberine HCL 1000mg, Vitamin C 120mg & Zinc Gluconate 30 mg","5.32","3.26","B079H5Q9FY","Amazing Formulas Berberine 1000mg Per Serving 60 Capsules Supplement | Non GMO | Gluten Free | Made in USA","4.56","4.35","2025-11-30"
"1313833","berberine for weight loss","Aumeto","ForestLeaf","Purify Life","Health & Personal Care",,,"B0CTKCNRQS","Berberine Supplement - Enhanced with Ceylon Cinnamon, Turmeric, Milk Thistle, Bitter Melon for Digestion, Immunity & Weight Managament (150 Count (Pack of 1))","9.58","7.69","B0CYR7H7LC","ForestLeaf Berberine Supplement - 1300mg per Serving - Ultra High Potency Berberine HCl with Ceylon Cinnamon, Bitter Melon & Gymnema - Weight Management Support - 90 Caps","8.81","5.77","B0FKZCPLR5","GLP1 Support for Weight Loss - Sugar-Free Berberine Complex Gummies w Ceylon Cinnamon, Milk Thistle, ACV [AMPK Metabolic Activator] Berberine Supplement for Appetite Control, Carb Blocker & Fat Burn","8.05","1.92","2025-11-30"
"1339422","berberine weight loss patches","Wanerbsr","Vytadose","Adellina","Health & Personal Care","Beauty","Home","B0FMNWBBRS","GLP-1 Patches with L-Glutamine, Berberine, Natural Support, Expert Formulated for Men and Women, 30 Count","20.7","11.54","B0FRNJXN7L","Vytadose Extra Strength GLP1 Patches – 10x Stronger Formula with Berberine, Green Tea & Pomegranate – New & Improved Kind of Patch -These are Kind Patches for Your Skin+GLP-1 Patch for Hunger Support","9.77","7.69","B0FMXXBBJH","Sunrogftic GLP-1 Patches, Natural Ingredients with Berberine, Cinnamon & L-Glutamine, Health Support & Physical Management, Transdermal Patch for Daily Wellness - 1 Packs, 30 Patches","8.59","3.85","2025-11-30"
"1339422","now foods berberine","NOW","Nutricost","THORNE","Health & Personal Care",,,"B0DXM7Q176","NOW Supplements, Berberine HCL 500 mg, Supports Glucose Metabolism, 90 Veg Capsules","46.09","46.15","B07PSMZ3J1","NOW Foods Supplements, Berberine Glucose Support, Combined with MCT Oil for Optimal Berberine Absorption, 90 Softgels","28.91","25.0","B0F9RZK9KD","NOW Supplements, Berberine Glucose Support, Combined with MCT Oil for Optimal Berberine Absorption, 60 Softgels","8.2","5.77","2025-11-30"
"1366081","thorne berberine dual action formula","THORNE","FORCE FACTOR","Double Wood Supplements","Health & Personal Care",,,"B009LI7VRC","THORNE - Berberine - Dual Action Formula with Phytosome Plus Botanical Extract - Support Heart Health, Immune System, Healthy GI & Cholesterol* - Gluten-Free - 30 Servings","72.51","55.74","B0CQ3V2PZW","FORCE FACTOR Ultra Berberine, Berberine Supplement with 500mg Berberine HCl Plus Chromium & Cinnamon Bark Extract to Support Metabolism & Daily Wellness, Non-GMO, Gluten Free, 60 Vegetable Capsules","3.59","4.92","B00F5US2BY","THORNE - Berberine - 200 mg (Formerly Berbercap) - Supports Heart Function, Immune System and Gut Health* - 60 Capsules","2.79","1.64","2025-11-30"
